Source_Family,File_Name,Relative_Path,Size_MB,Row_Count,Column_Count
MasterKickstarter,County.csv,raw\master_kickstarter\County.csv,0.06,966,9
MasterKickstarter,Mapping.csv,raw\master_kickstarter\Mapping.csv,0.0,50,8
MasterKickstarter,MasterKickstarter.csv,raw\master_kickstarter\MasterKickstarter.csv,55.6,167920,57
Kickstarter Projects,ks-projects-201612.csv,raw\kickstarter_projects\ks-projects-201612.csv,44.35,323750,ERROR
Kickstarter Projects,ks-projects-201801.csv,raw\kickstarter_projects\ks-projects-201801.csv,55.34,378661,15
WebRobots,2019_Kickstarter_2019-12-12T03_20_05_306Z_Kickstarter.csv,raw\webrobots\2019_Kickstarter_2019-12-12T03_20_05_306Z_Kickstarter.csv,19.08,3916,38
WebRobots,2019_Kickstarter_2019-12-12T03_20_05_306Z_Kickstarter001.csv,raw\webrobots\2019_Kickstarter_2019-12-12T03_20_05_306Z_Kickstarter001.csv,19.08,3977,38
WebRobots,2019_Kickstarter_2019-12-12T03_20_05_306Z_Kickstarter002.csv,raw\webrobots\2019_Kickstarter_2019-12-12T03_20_05_306Z_Kickstarter002.csv,19.08,3982,38
WebRobots,2019_Kickstarter_2019-12-12T03_20_05_306Z_Kickstarter003.csv,raw\webrobots\2019_Kickstarter_2019-12-12T03_20_05_306Z_Kickstarter003.csv,19.08,3941,38
WebRobots,2019_Kickstarter_2019-12-12T03_20_05_306Z_Kickstarter004.csv,raw\webrobots\2019_Kickstarter_2019-12-12T03_20_05_306Z_Kickstarter004.csv,19.08,3984,38
WebRobots,2019_Kickstarter_2019-12-12T03_20_05_306Z_Kickstarter005.csv,raw\webrobots\2019_Kickstarter_2019-12-12T03_20_05_306Z_Kickstarter005.csv,19.08,3941,38
WebRobots,2019_Kickstarter_2019-12-12T03_20_05_306Z_Kickstarter006.csv,raw\webrobots\2019_Kickstarter_2019-12-12T03_20_05_306Z_Kickstarter006.csv,19.08,3957,38
WebRobots,2019_Kickstarter_2019-12-12T03_20_05_306Z_Kickstarter007.csv,raw\webrobots\2019_Kickstarter_2019-12-12T03_20_05_306Z_Kickstarter007.csv,19.08,3941,38
WebRobots,2019_Kickstarter_2019-12-12T03_20_05_306Z_Kickstarter008.csv,raw\webrobots\2019_Kickstarter_2019-12-12T03_20_05_306Z_Kickstarter008.csv,19.08,3948,38
WebRobots,2019_Kickstarter_2019-12-12T03_20_05_306Z_Kickstarter009.csv,raw\webrobots\2019_Kickstarter_2019-12-12T03_20_05_306Z_Kickstarter009.csv,19.08,3936,38
WebRobots,2019_Kickstarter_2019-12-12T03_20_05_306Z_Kickstarter010.csv,raw\webrobots\2019_Kickstarter_2019-12-12T03_20_05_306Z_Kickstarter010.csv,19.08,3959,38
WebRobots,2019_Kickstarter_2019-12-12T03_20_05_306Z_Kickstarter011.csv,raw\webrobots\2019_Kickstarter_2019-12-12T03_20_05_306Z_Kickstarter011.csv,19.08,3964,38
WebRobots,2019_Kickstarter_2019-12-12T03_20_05_306Z_Kickstarter012.csv,raw\webrobots\2019_Kickstarter_2019-12-12T03_20_05_306Z_Kickstarter012.csv,19.08,3953,38
WebRobots,2019_Kickstarter_2019-12-12T03_20_05_306Z_Kickstarter013.csv,raw\webrobots\2019_Kickstarter_2019-12-12T03_20_05_306Z_Kickstarter013.csv,19.08,3948,38
WebRobots,2019_Kickstarter_2019-12-12T03_20_05_306Z_Kickstarter014.csv,raw\webrobots\2019_Kickstarter_2019-12-12T03_20_05_306Z_Kickstarter014.csv,19.08,4018,38
WebRobots,2019_Kickstarter_2019-12-12T03_20_05_306Z_Kickstarter015.csv,raw\webrobots\2019_Kickstarter_2019-12-12T03_20_05_306Z_Kickstarter015.csv,19.08,3945,38
WebRobots,2019_Kickstarter_2019-12-12T03_20_05_306Z_Kickstarter016.csv,raw\webrobots\2019_Kickstarter_2019-12-12T03_20_05_306Z_Kickstarter016.csv,19.08,3962,38
WebRobots,2019_Kickstarter_2019-12-12T03_20_05_306Z_Kickstarter017.csv,raw\webrobots\2019_Kickstarter_2019-12-12T03_20_05_306Z_Kickstarter017.csv,19.08,3969,38
WebRobots,2019_Kickstarter_2019-12-12T03_20_05_306Z_Kickstarter018.csv,raw\webrobots\2019_Kickstarter_2019-12-12T03_20_05_306Z_Kickstarter018.csv,19.08,3970,38
WebRobots,2019_Kickstarter_2019-12-12T03_20_05_306Z_Kickstarter019.csv,raw\webrobots\2019_Kickstarter_2019-12-12T03_20_05_306Z_Kickstarter019.csv,19.08,3960,38
WebRobots,2019_Kickstarter_2019-12-12T03_20_05_306Z_Kickstarter020.csv,raw\webrobots\2019_Kickstarter_2019-12-12T03_20_05_306Z_Kickstarter020.csv,19.08,3940,38
WebRobots,2019_Kickstarter_2019-12-12T03_20_05_306Z_Kickstarter021.csv,raw\webrobots\2019_Kickstarter_2019-12-12T03_20_05_306Z_Kickstarter021.csv,19.08,3970,38
WebRobots,2019_Kickstarter_2019-12-12T03_20_05_306Z_Kickstarter022.csv,raw\webrobots\2019_Kickstarter_2019-12-12T03_20_05_306Z_Kickstarter022.csv,19.08,3986,38
WebRobots,2019_Kickstarter_2019-12-12T03_20_05_306Z_Kickstarter023.csv,raw\webrobots\2019_Kickstarter_2019-12-12T03_20_05_306Z_Kickstarter023.csv,19.08,3923,38
WebRobots,2019_Kickstarter_2019-12-12T03_20_05_306Z_Kickstarter024.csv,raw\webrobots\2019_Kickstarter_2019-12-12T03_20_05_306Z_Kickstarter024.csv,19.08,3932,38
WebRobots,2019_Kickstarter_2019-12-12T03_20_05_306Z_Kickstarter025.csv,raw\webrobots\2019_Kickstarter_2019-12-12T03_20_05_306Z_Kickstarter025.csv,19.08,3913,38
WebRobots,2019_Kickstarter_2019-12-12T03_20_05_306Z_Kickstarter026.csv,raw\webrobots\2019_Kickstarter_2019-12-12T03_20_05_306Z_Kickstarter026.csv,19.08,3996,38
WebRobots,2019_Kickstarter_2019-12-12T03_20_05_306Z_Kickstarter027.csv,raw\webrobots\2019_Kickstarter_2019-12-12T03_20_05_306Z_Kickstarter027.csv,19.08,3960,38
WebRobots,2019_Kickstarter_2019-12-12T03_20_05_306Z_Kickstarter028.csv,raw\webrobots\2019_Kickstarter_2019-12-12T03_20_05_306Z_Kickstarter028.csv,19.08,3944,38
WebRobots,2019_Kickstarter_2019-12-12T03_20_05_306Z_Kickstarter029.csv,raw\webrobots\2019_Kickstarter_2019-12-12T03_20_05_306Z_Kickstarter029.csv,19.08,3972,38
WebRobots,2019_Kickstarter_2019-12-12T03_20_05_306Z_Kickstarter030.csv,raw\webrobots\2019_Kickstarter_2019-12-12T03_20_05_306Z_Kickstarter030.csv,19.08,3980,38
WebRobots,2019_Kickstarter_2019-12-12T03_20_05_306Z_Kickstarter031.csv,raw\webrobots\2019_Kickstarter_2019-12-12T03_20_05_306Z_Kickstarter031.csv,19.08,3919,38
WebRobots,2019_Kickstarter_2019-12-12T03_20_05_306Z_Kickstarter032.csv,raw\webrobots\2019_Kickstarter_2019-12-12T03_20_05_306Z_Kickstarter032.csv,19.08,3941,38
WebRobots,2019_Kickstarter_2019-12-12T03_20_05_306Z_Kickstarter033.csv,raw\webrobots\2019_Kickstarter_2019-12-12T03_20_05_306Z_Kickstarter033.csv,19.08,3984,38
WebRobots,2019_Kickstarter_2019-12-12T03_20_05_306Z_Kickstarter034.csv,raw\webrobots\2019_Kickstarter_2019-12-12T03_20_05_306Z_Kickstarter034.csv,19.08,3979,38
WebRobots,2019_Kickstarter_2019-12-12T03_20_05_306Z_Kickstarter035.csv,raw\webrobots\2019_Kickstarter_2019-12-12T03_20_05_306Z_Kickstarter035.csv,19.08,3911,38
WebRobots,2019_Kickstarter_2019-12-12T03_20_05_306Z_Kickstarter036.csv,raw\webrobots\2019_Kickstarter_2019-12-12T03_20_05_306Z_Kickstarter036.csv,19.08,3968,38
WebRobots,2019_Kickstarter_2019-12-12T03_20_05_306Z_Kickstarter037.csv,raw\webrobots\2019_Kickstarter_2019-12-12T03_20_05_306Z_Kickstarter037.csv,19.08,3916,38
WebRobots,2019_Kickstarter_2019-12-12T03_20_05_306Z_Kickstarter038.csv,raw\webrobots\2019_Kickstarter_2019-12-12T03_20_05_306Z_Kickstarter038.csv,19.08,3955,38
WebRobots,2019_Kickstarter_2019-12-12T03_20_05_306Z_Kickstarter039.csv,raw\webrobots\2019_Kickstarter_2019-12-12T03_20_05_306Z_Kickstarter039.csv,19.08,3973,38
WebRobots,2019_Kickstarter_2019-12-12T03_20_05_306Z_Kickstarter040.csv,raw\webrobots\2019_Kickstarter_2019-12-12T03_20_05_306Z_Kickstarter040.csv,19.08,3974,38
WebRobots,2019_Kickstarter_2019-12-12T03_20_05_306Z_Kickstarter041.csv,raw\webrobots\2019_Kickstarter_2019-12-12T03_20_05_306Z_Kickstarter041.csv,19.08,3926,38
WebRobots,2019_Kickstarter_2019-12-12T03_20_05_306Z_Kickstarter042.csv,raw\webrobots\2019_Kickstarter_2019-12-12T03_20_05_306Z_Kickstarter042.csv,19.08,3943,38
WebRobots,2019_Kickstarter_2019-12-12T03_20_05_306Z_Kickstarter043.csv,raw\webrobots\2019_Kickstarter_2019-12-12T03_20_05_306Z_Kickstarter043.csv,19.08,3920,38
WebRobots,2019_Kickstarter_2019-12-12T03_20_05_306Z_Kickstarter044.csv,raw\webrobots\2019_Kickstarter_2019-12-12T03_20_05_306Z_Kickstarter044.csv,19.08,3970,38
WebRobots,2019_Kickstarter_2019-12-12T03_20_05_306Z_Kickstarter045.csv,raw\webrobots\2019_Kickstarter_2019-12-12T03_20_05_306Z_Kickstarter045.csv,19.08,3966,38
WebRobots,2019_Kickstarter_2019-12-12T03_20_05_306Z_Kickstarter046.csv,raw\webrobots\2019_Kickstarter_2019-12-12T03_20_05_306Z_Kickstarter046.csv,19.08,3999,38
WebRobots,2019_Kickstarter_2019-12-12T03_20_05_306Z_Kickstarter047.csv,raw\webrobots\2019_Kickstarter_2019-12-12T03_20_05_306Z_Kickstarter047.csv,19.08,3926,38
WebRobots,2019_Kickstarter_2019-12-12T03_20_05_306Z_Kickstarter048.csv,raw\webrobots\2019_Kickstarter_2019-12-12T03_20_05_306Z_Kickstarter048.csv,19.08,3956,38
WebRobots,2019_Kickstarter_2019-12-12T03_20_05_306Z_Kickstarter049.csv,raw\webrobots\2019_Kickstarter_2019-12-12T03_20_05_306Z_Kickstarter049.csv,19.08,3974,38
WebRobots,2019_Kickstarter_2019-12-12T03_20_05_306Z_Kickstarter050.csv,raw\webrobots\2019_Kickstarter_2019-12-12T03_20_05_306Z_Kickstarter050.csv,19.08,3918,38
WebRobots,2019_Kickstarter_2019-12-12T03_20_05_306Z_Kickstarter051.csv,raw\webrobots\2019_Kickstarter_2019-12-12T03_20_05_306Z_Kickstarter051.csv,19.08,3921,38
WebRobots,2019_Kickstarter_2019-12-12T03_20_05_306Z_Kickstarter052.csv,raw\webrobots\2019_Kickstarter_2019-12-12T03_20_05_306Z_Kickstarter052.csv,19.08,3965,38
WebRobots,2019_Kickstarter_2019-12-12T03_20_05_306Z_Kickstarter053.csv,raw\webrobots\2019_Kickstarter_2019-12-12T03_20_05_306Z_Kickstarter053.csv,19.08,3947,38
WebRobots,2019_Kickstarter_2019-12-12T03_20_05_306Z_Kickstarter054.csv,raw\webrobots\2019_Kickstarter_2019-12-12T03_20_05_306Z_Kickstarter054.csv,19.08,3924,38
WebRobots,2019_Kickstarter_2019-12-12T03_20_05_306Z_Kickstarter055.csv,raw\webrobots\2019_Kickstarter_2019-12-12T03_20_05_306Z_Kickstarter055.csv,19.08,3965,38
WebRobots,2019_Kickstarter_2019-12-12T03_20_05_306Z_Kickstarter056.csv,raw\webrobots\2019_Kickstarter_2019-12-12T03_20_05_306Z_Kickstarter056.csv,19.08,3969,38
WebRobots,2019_Kickstarter_2019-12-12T03_20_05_306Z_Kickstarter057.csv,raw\webrobots\2019_Kickstarter_2019-12-12T03_20_05_306Z_Kickstarter057.csv,16.79,3451,38
WebRobots,2020_Kickstarter_2020-12-17T03_20_12_051Z_Kickstarter.csv,raw\webrobots\2020_Kickstarter_2020-12-17T03_20_12_051Z_Kickstarter.csv,19.08,3896,38
WebRobots,2020_Kickstarter_2020-12-17T03_20_12_051Z_Kickstarter001.csv,raw\webrobots\2020_Kickstarter_2020-12-17T03_20_12_051Z_Kickstarter001.csv,19.08,3896,38
WebRobots,2020_Kickstarter_2020-12-17T03_20_12_051Z_Kickstarter002.csv,raw\webrobots\2020_Kickstarter_2020-12-17T03_20_12_051Z_Kickstarter002.csv,19.08,3885,38
WebRobots,2020_Kickstarter_2020-12-17T03_20_12_051Z_Kickstarter003.csv,raw\webrobots\2020_Kickstarter_2020-12-17T03_20_12_051Z_Kickstarter003.csv,19.08,3926,38
WebRobots,2020_Kickstarter_2020-12-17T03_20_12_051Z_Kickstarter004.csv,raw\webrobots\2020_Kickstarter_2020-12-17T03_20_12_051Z_Kickstarter004.csv,19.08,3930,38
WebRobots,2020_Kickstarter_2020-12-17T03_20_12_051Z_Kickstarter005.csv,raw\webrobots\2020_Kickstarter_2020-12-17T03_20_12_051Z_Kickstarter005.csv,19.08,3939,38
WebRobots,2020_Kickstarter_2020-12-17T03_20_12_051Z_Kickstarter006.csv,raw\webrobots\2020_Kickstarter_2020-12-17T03_20_12_051Z_Kickstarter006.csv,19.08,3890,38
WebRobots,2020_Kickstarter_2020-12-17T03_20_12_051Z_Kickstarter007.csv,raw\webrobots\2020_Kickstarter_2020-12-17T03_20_12_051Z_Kickstarter007.csv,19.08,3895,38
WebRobots,2020_Kickstarter_2020-12-17T03_20_12_051Z_Kickstarter008.csv,raw\webrobots\2020_Kickstarter_2020-12-17T03_20_12_051Z_Kickstarter008.csv,19.08,3904,38
WebRobots,2020_Kickstarter_2020-12-17T03_20_12_051Z_Kickstarter009.csv,raw\webrobots\2020_Kickstarter_2020-12-17T03_20_12_051Z_Kickstarter009.csv,19.08,3892,38
WebRobots,2020_Kickstarter_2020-12-17T03_20_12_051Z_Kickstarter010.csv,raw\webrobots\2020_Kickstarter_2020-12-17T03_20_12_051Z_Kickstarter010.csv,19.08,3917,38
WebRobots,2020_Kickstarter_2020-12-17T03_20_12_051Z_Kickstarter011.csv,raw\webrobots\2020_Kickstarter_2020-12-17T03_20_12_051Z_Kickstarter011.csv,19.08,3908,38
WebRobots,2020_Kickstarter_2020-12-17T03_20_12_051Z_Kickstarter012.csv,raw\webrobots\2020_Kickstarter_2020-12-17T03_20_12_051Z_Kickstarter012.csv,19.08,3928,38
WebRobots,2020_Kickstarter_2020-12-17T03_20_12_051Z_Kickstarter013.csv,raw\webrobots\2020_Kickstarter_2020-12-17T03_20_12_051Z_Kickstarter013.csv,19.08,3883,38
WebRobots,2020_Kickstarter_2020-12-17T03_20_12_051Z_Kickstarter014.csv,raw\webrobots\2020_Kickstarter_2020-12-17T03_20_12_051Z_Kickstarter014.csv,19.08,3958,38
WebRobots,2020_Kickstarter_2020-12-17T03_20_12_051Z_Kickstarter015.csv,raw\webrobots\2020_Kickstarter_2020-12-17T03_20_12_051Z_Kickstarter015.csv,19.08,3898,38
WebRobots,2020_Kickstarter_2020-12-17T03_20_12_051Z_Kickstarter016.csv,raw\webrobots\2020_Kickstarter_2020-12-17T03_20_12_051Z_Kickstarter016.csv,19.08,3868,38
WebRobots,2020_Kickstarter_2020-12-17T03_20_12_051Z_Kickstarter017.csv,raw\webrobots\2020_Kickstarter_2020-12-17T03_20_12_051Z_Kickstarter017.csv,19.08,3900,38
WebRobots,2020_Kickstarter_2020-12-17T03_20_12_051Z_Kickstarter018.csv,raw\webrobots\2020_Kickstarter_2020-12-17T03_20_12_051Z_Kickstarter018.csv,19.08,3916,38
WebRobots,2020_Kickstarter_2020-12-17T03_20_12_051Z_Kickstarter019.csv,raw\webrobots\2020_Kickstarter_2020-12-17T03_20_12_051Z_Kickstarter019.csv,19.08,3899,38
WebRobots,2020_Kickstarter_2020-12-17T03_20_12_051Z_Kickstarter020.csv,raw\webrobots\2020_Kickstarter_2020-12-17T03_20_12_051Z_Kickstarter020.csv,19.08,3919,38
WebRobots,2020_Kickstarter_2020-12-17T03_20_12_051Z_Kickstarter021.csv,raw\webrobots\2020_Kickstarter_2020-12-17T03_20_12_051Z_Kickstarter021.csv,19.08,3927,38
WebRobots,2020_Kickstarter_2020-12-17T03_20_12_051Z_Kickstarter022.csv,raw\webrobots\2020_Kickstarter_2020-12-17T03_20_12_051Z_Kickstarter022.csv,19.08,3890,38
WebRobots,2020_Kickstarter_2020-12-17T03_20_12_051Z_Kickstarter023.csv,raw\webrobots\2020_Kickstarter_2020-12-17T03_20_12_051Z_Kickstarter023.csv,19.08,3929,38
WebRobots,2020_Kickstarter_2020-12-17T03_20_12_051Z_Kickstarter024.csv,raw\webrobots\2020_Kickstarter_2020-12-17T03_20_12_051Z_Kickstarter024.csv,19.08,3908,38
WebRobots,2020_Kickstarter_2020-12-17T03_20_12_051Z_Kickstarter025.csv,raw\webrobots\2020_Kickstarter_2020-12-17T03_20_12_051Z_Kickstarter025.csv,19.08,3937,38
WebRobots,2020_Kickstarter_2020-12-17T03_20_12_051Z_Kickstarter026.csv,raw\webrobots\2020_Kickstarter_2020-12-17T03_20_12_051Z_Kickstarter026.csv,19.08,3928,38
WebRobots,2020_Kickstarter_2020-12-17T03_20_12_051Z_Kickstarter027.csv,raw\webrobots\2020_Kickstarter_2020-12-17T03_20_12_051Z_Kickstarter027.csv,19.08,3931,38
WebRobots,2020_Kickstarter_2020-12-17T03_20_12_051Z_Kickstarter028.csv,raw\webrobots\2020_Kickstarter_2020-12-17T03_20_12_051Z_Kickstarter028.csv,19.08,3884,38
WebRobots,2020_Kickstarter_2020-12-17T03_20_12_051Z_Kickstarter029.csv,raw\webrobots\2020_Kickstarter_2020-12-17T03_20_12_051Z_Kickstarter029.csv,19.08,3971,38
WebRobots,2020_Kickstarter_2020-12-17T03_20_12_051Z_Kickstarter030.csv,raw\webrobots\2020_Kickstarter_2020-12-17T03_20_12_051Z_Kickstarter030.csv,19.08,3905,38
WebRobots,2020_Kickstarter_2020-12-17T03_20_12_051Z_Kickstarter031.csv,raw\webrobots\2020_Kickstarter_2020-12-17T03_20_12_051Z_Kickstarter031.csv,19.08,3963,38
WebRobots,2020_Kickstarter_2020-12-17T03_20_12_051Z_Kickstarter032.csv,raw\webrobots\2020_Kickstarter_2020-12-17T03_20_12_051Z_Kickstarter032.csv,19.08,3894,38
WebRobots,2020_Kickstarter_2020-12-17T03_20_12_051Z_Kickstarter033.csv,raw\webrobots\2020_Kickstarter_2020-12-17T03_20_12_051Z_Kickstarter033.csv,19.08,3908,38
WebRobots,2020_Kickstarter_2020-12-17T03_20_12_051Z_Kickstarter034.csv,raw\webrobots\2020_Kickstarter_2020-12-17T03_20_12_051Z_Kickstarter034.csv,19.08,3892,38
WebRobots,2020_Kickstarter_2020-12-17T03_20_12_051Z_Kickstarter035.csv,raw\webrobots\2020_Kickstarter_2020-12-17T03_20_12_051Z_Kickstarter035.csv,19.08,3916,38
WebRobots,2020_Kickstarter_2020-12-17T03_20_12_051Z_Kickstarter036.csv,raw\webrobots\2020_Kickstarter_2020-12-17T03_20_12_051Z_Kickstarter036.csv,19.08,3923,38
WebRobots,2020_Kickstarter_2020-12-17T03_20_12_051Z_Kickstarter037.csv,raw\webrobots\2020_Kickstarter_2020-12-17T03_20_12_051Z_Kickstarter037.csv,19.08,3884,38
WebRobots,2020_Kickstarter_2020-12-17T03_20_12_051Z_Kickstarter038.csv,raw\webrobots\2020_Kickstarter_2020-12-17T03_20_12_051Z_Kickstarter038.csv,19.08,3897,38
WebRobots,2020_Kickstarter_2020-12-17T03_20_12_051Z_Kickstarter039.csv,raw\webrobots\2020_Kickstarter_2020-12-17T03_20_12_051Z_Kickstarter039.csv,19.08,3892,38
WebRobots,2020_Kickstarter_2020-12-17T03_20_12_051Z_Kickstarter040.csv,raw\webrobots\2020_Kickstarter_2020-12-17T03_20_12_051Z_Kickstarter040.csv,19.08,3916,38
WebRobots,2020_Kickstarter_2020-12-17T03_20_12_051Z_Kickstarter041.csv,raw\webrobots\2020_Kickstarter_2020-12-17T03_20_12_051Z_Kickstarter041.csv,19.08,3933,38
WebRobots,2020_Kickstarter_2020-12-17T03_20_12_051Z_Kickstarter042.csv,raw\webrobots\2020_Kickstarter_2020-12-17T03_20_12_051Z_Kickstarter042.csv,19.08,3916,38
WebRobots,2020_Kickstarter_2020-12-17T03_20_12_051Z_Kickstarter043.csv,raw\webrobots\2020_Kickstarter_2020-12-17T03_20_12_051Z_Kickstarter043.csv,19.08,3894,38
WebRobots,2020_Kickstarter_2020-12-17T03_20_12_051Z_Kickstarter044.csv,raw\webrobots\2020_Kickstarter_2020-12-17T03_20_12_051Z_Kickstarter044.csv,19.08,3904,38
WebRobots,2020_Kickstarter_2020-12-17T03_20_12_051Z_Kickstarter045.csv,raw\webrobots\2020_Kickstarter_2020-12-17T03_20_12_051Z_Kickstarter045.csv,19.08,3899,38
WebRobots,2020_Kickstarter_2020-12-17T03_20_12_051Z_Kickstarter046.csv,raw\webrobots\2020_Kickstarter_2020-12-17T03_20_12_051Z_Kickstarter046.csv,19.08,3918,38
WebRobots,2020_Kickstarter_2020-12-17T03_20_12_051Z_Kickstarter047.csv,raw\webrobots\2020_Kickstarter_2020-12-17T03_20_12_051Z_Kickstarter047.csv,19.08,3895,38
WebRobots,2020_Kickstarter_2020-12-17T03_20_12_051Z_Kickstarter048.csv,raw\webrobots\2020_Kickstarter_2020-12-17T03_20_12_051Z_Kickstarter048.csv,19.08,3906,38
WebRobots,2020_Kickstarter_2020-12-17T03_20_12_051Z_Kickstarter049.csv,raw\webrobots\2020_Kickstarter_2020-12-17T03_20_12_051Z_Kickstarter049.csv,19.08,3915,38
WebRobots,2020_Kickstarter_2020-12-17T03_20_12_051Z_Kickstarter050.csv,raw\webrobots\2020_Kickstarter_2020-12-17T03_20_12_051Z_Kickstarter050.csv,19.08,3921,38
WebRobots,2020_Kickstarter_2020-12-17T03_20_12_051Z_Kickstarter051.csv,raw\webrobots\2020_Kickstarter_2020-12-17T03_20_12_051Z_Kickstarter051.csv,19.08,3956,38
WebRobots,2020_Kickstarter_2020-12-17T03_20_12_051Z_Kickstarter052.csv,raw\webrobots\2020_Kickstarter_2020-12-17T03_20_12_051Z_Kickstarter052.csv,19.08,3886,38
WebRobots,2020_Kickstarter_2020-12-17T03_20_12_051Z_Kickstarter053.csv,raw\webrobots\2020_Kickstarter_2020-12-17T03_20_12_051Z_Kickstarter053.csv,19.08,3904,38
WebRobots,2020_Kickstarter_2020-12-17T03_20_12_051Z_Kickstarter054.csv,raw\webrobots\2020_Kickstarter_2020-12-17T03_20_12_051Z_Kickstarter054.csv,19.08,3901,38
WebRobots,2020_Kickstarter_2020-12-17T03_20_12_051Z_Kickstarter055.csv,raw\webrobots\2020_Kickstarter_2020-12-17T03_20_12_051Z_Kickstarter055.csv,19.08,3890,38
WebRobots,2020_Kickstarter_2020-12-17T03_20_12_051Z_Kickstarter056.csv,raw\webrobots\2020_Kickstarter_2020-12-17T03_20_12_051Z_Kickstarter056.csv,19.08,3930,38
WebRobots,2020_Kickstarter_2020-12-17T03_20_12_051Z_Kickstarter057.csv,raw\webrobots\2020_Kickstarter_2020-12-17T03_20_12_051Z_Kickstarter057.csv,19.08,3933,38
WebRobots,2020_Kickstarter_2020-12-17T03_20_12_051Z_Kickstarter058.csv,raw\webrobots\2020_Kickstarter_2020-12-17T03_20_12_051Z_Kickstarter058.csv,16.26,3317,38
WebRobots,2021_Kickstarter_2021-12-09T03_20_13_242Z_Kickstarter.csv,raw\webrobots\2021_Kickstarter_2021-12-09T03_20_13_242Z_Kickstarter.csv,19.08,3864,35
WebRobots,2021_Kickstarter_2021-12-09T03_20_13_242Z_Kickstarter001.csv,raw\webrobots\2021_Kickstarter_2021-12-09T03_20_13_242Z_Kickstarter001.csv,19.08,3872,35
WebRobots,2021_Kickstarter_2021-12-09T03_20_13_242Z_Kickstarter002.csv,raw\webrobots\2021_Kickstarter_2021-12-09T03_20_13_242Z_Kickstarter002.csv,19.08,3904,35
WebRobots,2021_Kickstarter_2021-12-09T03_20_13_242Z_Kickstarter003.csv,raw\webrobots\2021_Kickstarter_2021-12-09T03_20_13_242Z_Kickstarter003.csv,19.08,3867,35
WebRobots,2021_Kickstarter_2021-12-09T03_20_13_242Z_Kickstarter004.csv,raw\webrobots\2021_Kickstarter_2021-12-09T03_20_13_242Z_Kickstarter004.csv,19.08,3902,35
WebRobots,2021_Kickstarter_2021-12-09T03_20_13_242Z_Kickstarter005.csv,raw\webrobots\2021_Kickstarter_2021-12-09T03_20_13_242Z_Kickstarter005.csv,19.08,3885,35
WebRobots,2021_Kickstarter_2021-12-09T03_20_13_242Z_Kickstarter006.csv,raw\webrobots\2021_Kickstarter_2021-12-09T03_20_13_242Z_Kickstarter006.csv,19.08,3868,35
WebRobots,2021_Kickstarter_2021-12-09T03_20_13_242Z_Kickstarter007.csv,raw\webrobots\2021_Kickstarter_2021-12-09T03_20_13_242Z_Kickstarter007.csv,9.6,1934,35
WebRobots,2022_Kickstarter_2022-12-15T03_20_04_521Z_Kickstarter.csv,raw\webrobots\2022_Kickstarter_2022-12-15T03_20_04_521Z_Kickstarter.csv,19.08,3819,39
WebRobots,2022_Kickstarter_2022-12-15T03_20_04_521Z_Kickstarter001.csv,raw\webrobots\2022_Kickstarter_2022-12-15T03_20_04_521Z_Kickstarter001.csv,19.08,3856,39
WebRobots,2022_Kickstarter_2022-12-15T03_20_04_521Z_Kickstarter002.csv,raw\webrobots\2022_Kickstarter_2022-12-15T03_20_04_521Z_Kickstarter002.csv,3.77,726,39
WebRobots,2023_Kickstarter_2023-12-14T03_20_06_766Z_Kickstarter.csv,raw\webrobots\2023_Kickstarter_2023-12-14T03_20_06_766Z_Kickstarter.csv,19.08,3473,41
WebRobots,2023_Kickstarter_2023-12-14T03_20_06_766Z_Kickstarter001.csv,raw\webrobots\2023_Kickstarter_2023-12-14T03_20_06_766Z_Kickstarter001.csv,19.08,3490,41
WebRobots,2023_Kickstarter_2023-12-14T03_20_06_766Z_Kickstarter002.csv,raw\webrobots\2023_Kickstarter_2023-12-14T03_20_06_766Z_Kickstarter002.csv,19.08,3527,41
WebRobots,2023_Kickstarter_2023-12-14T03_20_06_766Z_Kickstarter003.csv,raw\webrobots\2023_Kickstarter_2023-12-14T03_20_06_766Z_Kickstarter003.csv,19.08,3493,41
WebRobots,2023_Kickstarter_2023-12-14T03_20_06_766Z_Kickstarter004.csv,raw\webrobots\2023_Kickstarter_2023-12-14T03_20_06_766Z_Kickstarter004.csv,19.08,3524,41
WebRobots,2023_Kickstarter_2023-12-14T03_20_06_766Z_Kickstarter005.csv,raw\webrobots\2023_Kickstarter_2023-12-14T03_20_06_766Z_Kickstarter005.csv,19.08,3429,41
WebRobots,2023_Kickstarter_2023-12-14T03_20_06_766Z_Kickstarter006.csv,raw\webrobots\2023_Kickstarter_2023-12-14T03_20_06_766Z_Kickstarter006.csv,19.08,3482,41
WebRobots,2023_Kickstarter_2023-12-14T03_20_06_766Z_Kickstarter007.csv,raw\webrobots\2023_Kickstarter_2023-12-14T03_20_06_766Z_Kickstarter007.csv,9.04,1664,41
WebRobots,2024_Kickstarter_2024-12-12T03_20_04_455Z_Kickstarter.csv,raw\webrobots\2024_Kickstarter_2024-12-12T03_20_04_455Z_Kickstarter.csv,19.08,3353,42
WebRobots,2024_Kickstarter_2024-12-12T03_20_04_455Z_Kickstarter001.csv,raw\webrobots\2024_Kickstarter_2024-12-12T03_20_04_455Z_Kickstarter001.csv,19.08,3327,42
WebRobots,2024_Kickstarter_2024-12-12T03_20_04_455Z_Kickstarter002.csv,raw\webrobots\2024_Kickstarter_2024-12-12T03_20_04_455Z_Kickstarter002.csv,19.08,3331,42
WebRobots,2024_Kickstarter_2024-12-12T03_20_04_455Z_Kickstarter003.csv,raw\webrobots\2024_Kickstarter_2024-12-12T03_20_04_455Z_Kickstarter003.csv,19.08,3328,42
WebRobots,2024_Kickstarter_2024-12-12T03_20_04_455Z_Kickstarter004.csv,raw\webrobots\2024_Kickstarter_2024-12-12T03_20_04_455Z_Kickstarter004.csv,19.08,3341,42
WebRobots,2024_Kickstarter_2024-12-12T03_20_04_455Z_Kickstarter005.csv,raw\webrobots\2024_Kickstarter_2024-12-12T03_20_04_455Z_Kickstarter005.csv,19.08,3350,42
WebRobots,2024_Kickstarter_2024-12-12T03_20_04_455Z_Kickstarter006.csv,raw\webrobots\2024_Kickstarter_2024-12-12T03_20_04_455Z_Kickstarter006.csv,19.08,3294,42
WebRobots,2024_Kickstarter_2024-12-12T03_20_04_455Z_Kickstarter007.csv,raw\webrobots\2024_Kickstarter_2024-12-12T03_20_04_455Z_Kickstarter007.csv,19.08,3367,42
WebRobots,2024_Kickstarter_2024-12-12T03_20_04_455Z_Kickstarter008.csv,raw\webrobots\2024_Kickstarter_2024-12-12T03_20_04_455Z_Kickstarter008.csv,19.08,3351,42
WebRobots,2024_Kickstarter_2024-12-12T03_20_04_455Z_Kickstarter009.csv,raw\webrobots\2024_Kickstarter_2024-12-12T03_20_04_455Z_Kickstarter009.csv,19.08,3400,42
WebRobots,2024_Kickstarter_2024-12-12T03_20_04_455Z_Kickstarter010.csv,raw\webrobots\2024_Kickstarter_2024-12-12T03_20_04_455Z_Kickstarter010.csv,19.08,3329,42
WebRobots,2024_Kickstarter_2024-12-12T03_20_04_455Z_Kickstarter011.csv,raw\webrobots\2024_Kickstarter_2024-12-12T03_20_04_455Z_Kickstarter011.csv,19.08,3317,42
WebRobots,2024_Kickstarter_2024-12-12T03_20_04_455Z_Kickstarter012.csv,raw\webrobots\2024_Kickstarter_2024-12-12T03_20_04_455Z_Kickstarter012.csv,19.08,3346,42
WebRobots,2024_Kickstarter_2024-12-12T03_20_04_455Z_Kickstarter013.csv,raw\webrobots\2024_Kickstarter_2024-12-12T03_20_04_455Z_Kickstarter013.csv,19.08,3288,42
WebRobots,2024_Kickstarter_2024-12-12T03_20_04_455Z_Kickstarter014.csv,raw\webrobots\2024_Kickstarter_2024-12-12T03_20_04_455Z_Kickstarter014.csv,19.08,3354,42
WebRobots,2024_Kickstarter_2024-12-12T03_20_04_455Z_Kickstarter015.csv,raw\webrobots\2024_Kickstarter_2024-12-12T03_20_04_455Z_Kickstarter015.csv,19.08,3354,42
WebRobots,2024_Kickstarter_2024-12-12T03_20_04_455Z_Kickstarter016.csv,raw\webrobots\2024_Kickstarter_2024-12-12T03_20_04_455Z_Kickstarter016.csv,19.08,3337,42
WebRobots,2024_Kickstarter_2024-12-12T03_20_04_455Z_Kickstarter017.csv,raw\webrobots\2024_Kickstarter_2024-12-12T03_20_04_455Z_Kickstarter017.csv,19.08,3339,42
WebRobots,2024_Kickstarter_2024-12-12T03_20_04_455Z_Kickstarter018.csv,raw\webrobots\2024_Kickstarter_2024-12-12T03_20_04_455Z_Kickstarter018.csv,19.08,3296,42
WebRobots,2024_Kickstarter_2024-12-12T03_20_04_455Z_Kickstarter019.csv,raw\webrobots\2024_Kickstarter_2024-12-12T03_20_04_455Z_Kickstarter019.csv,19.08,3350,42
WebRobots,2024_Kickstarter_2024-12-12T03_20_04_455Z_Kickstarter020.csv,raw\webrobots\2024_Kickstarter_2024-12-12T03_20_04_455Z_Kickstarter020.csv,19.08,3292,42
WebRobots,2024_Kickstarter_2024-12-12T03_20_04_455Z_Kickstarter021.csv,raw\webrobots\2024_Kickstarter_2024-12-12T03_20_04_455Z_Kickstarter021.csv,19.08,3351,42
WebRobots,2024_Kickstarter_2024-12-12T03_20_04_455Z_Kickstarter022.csv,raw\webrobots\2024_Kickstarter_2024-12-12T03_20_04_455Z_Kickstarter022.csv,19.08,3315,42
WebRobots,2024_Kickstarter_2024-12-12T03_20_04_455Z_Kickstarter023.csv,raw\webrobots\2024_Kickstarter_2024-12-12T03_20_04_455Z_Kickstarter023.csv,19.08,3367,42
WebRobots,2024_Kickstarter_2024-12-12T03_20_04_455Z_Kickstarter024.csv,raw\webrobots\2024_Kickstarter_2024-12-12T03_20_04_455Z_Kickstarter024.csv,19.08,3338,42
WebRobots,2024_Kickstarter_2024-12-12T03_20_04_455Z_Kickstarter025.csv,raw\webrobots\2024_Kickstarter_2024-12-12T03_20_04_455Z_Kickstarter025.csv,19.08,3317,42
WebRobots,2024_Kickstarter_2024-12-12T03_20_04_455Z_Kickstarter026.csv,raw\webrobots\2024_Kickstarter_2024-12-12T03_20_04_455Z_Kickstarter026.csv,19.08,3364,42
WebRobots,2024_Kickstarter_2024-12-12T03_20_04_455Z_Kickstarter027.csv,raw\webrobots\2024_Kickstarter_2024-12-12T03_20_04_455Z_Kickstarter027.csv,19.08,3312,42
WebRobots,2024_Kickstarter_2024-12-12T03_20_04_455Z_Kickstarter028.csv,raw\webrobots\2024_Kickstarter_2024-12-12T03_20_04_455Z_Kickstarter028.csv,19.08,3337,42
WebRobots,2024_Kickstarter_2024-12-12T03_20_04_455Z_Kickstarter029.csv,raw\webrobots\2024_Kickstarter_2024-12-12T03_20_04_455Z_Kickstarter029.csv,19.08,3364,42
WebRobots,2024_Kickstarter_2024-12-12T03_20_04_455Z_Kickstarter030.csv,raw\webrobots\2024_Kickstarter_2024-12-12T03_20_04_455Z_Kickstarter030.csv,19.08,3372,42
WebRobots,2024_Kickstarter_2024-12-12T03_20_04_455Z_Kickstarter031.csv,raw\webrobots\2024_Kickstarter_2024-12-12T03_20_04_455Z_Kickstarter031.csv,19.08,3356,42
WebRobots,2024_Kickstarter_2024-12-12T03_20_04_455Z_Kickstarter032.csv,raw\webrobots\2024_Kickstarter_2024-12-12T03_20_04_455Z_Kickstarter032.csv,19.08,3285,42
WebRobots,2024_Kickstarter_2024-12-12T03_20_04_455Z_Kickstarter033.csv,raw\webrobots\2024_Kickstarter_2024-12-12T03_20_04_455Z_Kickstarter033.csv,19.08,3325,42
WebRobots,2024_Kickstarter_2024-12-12T03_20_04_455Z_Kickstarter034.csv,raw\webrobots\2024_Kickstarter_2024-12-12T03_20_04_455Z_Kickstarter034.csv,19.08,3328,42
WebRobots,2024_Kickstarter_2024-12-12T03_20_04_455Z_Kickstarter035.csv,raw\webrobots\2024_Kickstarter_2024-12-12T03_20_04_455Z_Kickstarter035.csv,19.08,3295,42
WebRobots,2024_Kickstarter_2024-12-12T03_20_04_455Z_Kickstarter036.csv,raw\webrobots\2024_Kickstarter_2024-12-12T03_20_04_455Z_Kickstarter036.csv,19.08,3348,42
WebRobots,2024_Kickstarter_2024-12-12T03_20_04_455Z_Kickstarter037.csv,raw\webrobots\2024_Kickstarter_2024-12-12T03_20_04_455Z_Kickstarter037.csv,19.08,3334,42
WebRobots,2024_Kickstarter_2024-12-12T03_20_04_455Z_Kickstarter038.csv,raw\webrobots\2024_Kickstarter_2024-12-12T03_20_04_455Z_Kickstarter038.csv,19.08,3369,42
WebRobots,2024_Kickstarter_2024-12-12T03_20_04_455Z_Kickstarter039.csv,raw\webrobots\2024_Kickstarter_2024-12-12T03_20_04_455Z_Kickstarter039.csv,19.08,3326,42
WebRobots,2024_Kickstarter_2024-12-12T03_20_04_455Z_Kickstarter040.csv,raw\webrobots\2024_Kickstarter_2024-12-12T03_20_04_455Z_Kickstarter040.csv,19.08,3314,42
WebRobots,2024_Kickstarter_2024-12-12T03_20_04_455Z_Kickstarter041.csv,raw\webrobots\2024_Kickstarter_2024-12-12T03_20_04_455Z_Kickstarter041.csv,19.08,3366,42
WebRobots,2024_Kickstarter_2024-12-12T03_20_04_455Z_Kickstarter042.csv,raw\webrobots\2024_Kickstarter_2024-12-12T03_20_04_455Z_Kickstarter042.csv,19.08,3270,42
WebRobots,2024_Kickstarter_2024-12-12T03_20_04_455Z_Kickstarter043.csv,raw\webrobots\2024_Kickstarter_2024-12-12T03_20_04_455Z_Kickstarter043.csv,19.08,3329,42
WebRobots,2024_Kickstarter_2024-12-12T03_20_04_455Z_Kickstarter044.csv,raw\webrobots\2024_Kickstarter_2024-12-12T03_20_04_455Z_Kickstarter044.csv,19.08,3313,42
WebRobots,2024_Kickstarter_2024-12-12T03_20_04_455Z_Kickstarter045.csv,raw\webrobots\2024_Kickstarter_2024-12-12T03_20_04_455Z_Kickstarter045.csv,19.08,3370,42
WebRobots,2024_Kickstarter_2024-12-12T03_20_04_455Z_Kickstarter046.csv,raw\webrobots\2024_Kickstarter_2024-12-12T03_20_04_455Z_Kickstarter046.csv,19.08,3369,42
WebRobots,2024_Kickstarter_2024-12-12T03_20_04_455Z_Kickstarter047.csv,raw\webrobots\2024_Kickstarter_2024-12-12T03_20_04_455Z_Kickstarter047.csv,19.08,3337,42
WebRobots,2024_Kickstarter_2024-12-12T03_20_04_455Z_Kickstarter048.csv,raw\webrobots\2024_Kickstarter_2024-12-12T03_20_04_455Z_Kickstarter048.csv,19.08,3355,42
WebRobots,2024_Kickstarter_2024-12-12T03_20_04_455Z_Kickstarter049.csv,raw\webrobots\2024_Kickstarter_2024-12-12T03_20_04_455Z_Kickstarter049.csv,19.08,3304,42
WebRobots,2024_Kickstarter_2024-12-12T03_20_04_455Z_Kickstarter050.csv,raw\webrobots\2024_Kickstarter_2024-12-12T03_20_04_455Z_Kickstarter050.csv,19.08,3354,42
WebRobots,2024_Kickstarter_2024-12-12T03_20_04_455Z_Kickstarter051.csv,raw\webrobots\2024_Kickstarter_2024-12-12T03_20_04_455Z_Kickstarter051.csv,19.08,3333,42
WebRobots,2024_Kickstarter_2024-12-12T03_20_04_455Z_Kickstarter052.csv,raw\webrobots\2024_Kickstarter_2024-12-12T03_20_04_455Z_Kickstarter052.csv,19.08,3374,42
WebRobots,2024_Kickstarter_2024-12-12T03_20_04_455Z_Kickstarter053.csv,raw\webrobots\2024_Kickstarter_2024-12-12T03_20_04_455Z_Kickstarter053.csv,19.08,3362,42
WebRobots,2024_Kickstarter_2024-12-12T03_20_04_455Z_Kickstarter054.csv,raw\webrobots\2024_Kickstarter_2024-12-12T03_20_04_455Z_Kickstarter054.csv,19.08,3346,42
WebRobots,2024_Kickstarter_2024-12-12T03_20_04_455Z_Kickstarter055.csv,raw\webrobots\2024_Kickstarter_2024-12-12T03_20_04_455Z_Kickstarter055.csv,19.08,3349,42
WebRobots,2024_Kickstarter_2024-12-12T03_20_04_455Z_Kickstarter056.csv,raw\webrobots\2024_Kickstarter_2024-12-12T03_20_04_455Z_Kickstarter056.csv,19.08,3314,42
WebRobots,2024_Kickstarter_2024-12-12T03_20_04_455Z_Kickstarter057.csv,raw\webrobots\2024_Kickstarter_2024-12-12T03_20_04_455Z_Kickstarter057.csv,19.08,3339,42
WebRobots,2024_Kickstarter_2024-12-12T03_20_04_455Z_Kickstarter058.csv,raw\webrobots\2024_Kickstarter_2024-12-12T03_20_04_455Z_Kickstarter058.csv,19.08,3295,42
WebRobots,2024_Kickstarter_2024-12-12T03_20_04_455Z_Kickstarter059.csv,raw\webrobots\2024_Kickstarter_2024-12-12T03_20_04_455Z_Kickstarter059.csv,19.08,3327,42
WebRobots,2024_Kickstarter_2024-12-12T03_20_04_455Z_Kickstarter060.csv,raw\webrobots\2024_Kickstarter_2024-12-12T03_20_04_455Z_Kickstarter060.csv,19.08,3339,42
WebRobots,2024_Kickstarter_2024-12-12T03_20_04_455Z_Kickstarter061.csv,raw\webrobots\2024_Kickstarter_2024-12-12T03_20_04_455Z_Kickstarter061.csv,19.08,3336,42
WebRobots,2024_Kickstarter_2024-12-12T03_20_04_455Z_Kickstarter062.csv,raw\webrobots\2024_Kickstarter_2024-12-12T03_20_04_455Z_Kickstarter062.csv,19.08,3339,42
WebRobots,2024_Kickstarter_2024-12-12T03_20_04_455Z_Kickstarter063.csv,raw\webrobots\2024_Kickstarter_2024-12-12T03_20_04_455Z_Kickstarter063.csv,19.08,3334,42
WebRobots,2024_Kickstarter_2024-12-12T03_20_04_455Z_Kickstarter064.csv,raw\webrobots\2024_Kickstarter_2024-12-12T03_20_04_455Z_Kickstarter064.csv,19.08,3295,42
WebRobots,2024_Kickstarter_2024-12-12T03_20_04_455Z_Kickstarter065.csv,raw\webrobots\2024_Kickstarter_2024-12-12T03_20_04_455Z_Kickstarter065.csv,19.08,3355,42
WebRobots,2024_Kickstarter_2024-12-12T03_20_04_455Z_Kickstarter066.csv,raw\webrobots\2024_Kickstarter_2024-12-12T03_20_04_455Z_Kickstarter066.csv,19.08,3361,42
WebRobots,2024_Kickstarter_2024-12-12T03_20_04_455Z_Kickstarter067.csv,raw\webrobots\2024_Kickstarter_2024-12-12T03_20_04_455Z_Kickstarter067.csv,19.08,3352,42
WebRobots,2024_Kickstarter_2024-12-12T03_20_04_455Z_Kickstarter068.csv,raw\webrobots\2024_Kickstarter_2024-12-12T03_20_04_455Z_Kickstarter068.csv,19.08,3332,42
WebRobots,2024_Kickstarter_2024-12-12T03_20_04_455Z_Kickstarter069.csv,raw\webrobots\2024_Kickstarter_2024-12-12T03_20_04_455Z_Kickstarter069.csv,19.08,3313,42
WebRobots,2024_Kickstarter_2024-12-12T03_20_04_455Z_Kickstarter070.csv,raw\webrobots\2024_Kickstarter_2024-12-12T03_20_04_455Z_Kickstarter070.csv,19.08,3365,42
WebRobots,2024_Kickstarter_2024-12-12T03_20_04_455Z_Kickstarter071.csv,raw\webrobots\2024_Kickstarter_2024-12-12T03_20_04_455Z_Kickstarter071.csv,19.08,3264,42
WebRobots,2024_Kickstarter_2024-12-12T03_20_04_455Z_Kickstarter072.csv,raw\webrobots\2024_Kickstarter_2024-12-12T03_20_04_455Z_Kickstarter072.csv,6.84,1216,42
WebRobots,2025_Kickstarter_2025-12-18T03_20_24_296Z_Kickstarter.csv,raw\webrobots\2025_Kickstarter_2025-12-18T03_20_24_296Z_Kickstarter.csv,19.08,3294,42
WebRobots,2025_Kickstarter_2025-12-18T03_20_24_296Z_Kickstarter001.csv,raw\webrobots\2025_Kickstarter_2025-12-18T03_20_24_296Z_Kickstarter001.csv,19.08,3300,42
WebRobots,2025_Kickstarter_2025-12-18T03_20_24_296Z_Kickstarter002.csv,raw\webrobots\2025_Kickstarter_2025-12-18T03_20_24_296Z_Kickstarter002.csv,19.08,3326,42
WebRobots,2025_Kickstarter_2025-12-18T03_20_24_296Z_Kickstarter003.csv,raw\webrobots\2025_Kickstarter_2025-12-18T03_20_24_296Z_Kickstarter003.csv,19.08,3262,42
WebRobots,2025_Kickstarter_2025-12-18T03_20_24_296Z_Kickstarter004.csv,raw\webrobots\2025_Kickstarter_2025-12-18T03_20_24_296Z_Kickstarter004.csv,19.08,3272,42
WebRobots,2025_Kickstarter_2025-12-18T03_20_24_296Z_Kickstarter005.csv,raw\webrobots\2025_Kickstarter_2025-12-18T03_20_24_296Z_Kickstarter005.csv,19.08,3278,42
WebRobots,2025_Kickstarter_2025-12-18T03_20_24_296Z_Kickstarter006.csv,raw\webrobots\2025_Kickstarter_2025-12-18T03_20_24_296Z_Kickstarter006.csv,19.08,3298,42
WebRobots,2025_Kickstarter_2025-12-18T03_20_24_296Z_Kickstarter007.csv,raw\webrobots\2025_Kickstarter_2025-12-18T03_20_24_296Z_Kickstarter007.csv,19.08,3298,42
WebRobots,2025_Kickstarter_2025-12-18T03_20_24_296Z_Kickstarter008.csv,raw\webrobots\2025_Kickstarter_2025-12-18T03_20_24_296Z_Kickstarter008.csv,19.08,3309,42
WebRobots,2025_Kickstarter_2025-12-18T03_20_24_296Z_Kickstarter009.csv,raw\webrobots\2025_Kickstarter_2025-12-18T03_20_24_296Z_Kickstarter009.csv,19.08,3302,42
WebRobots,2025_Kickstarter_2025-12-18T03_20_24_296Z_Kickstarter010.csv,raw\webrobots\2025_Kickstarter_2025-12-18T03_20_24_296Z_Kickstarter010.csv,19.08,3351,42
WebRobots,2025_Kickstarter_2025-12-18T03_20_24_296Z_Kickstarter011.csv,raw\webrobots\2025_Kickstarter_2025-12-18T03_20_24_296Z_Kickstarter011.csv,19.08,3284,42
WebRobots,2025_Kickstarter_2025-12-18T03_20_24_296Z_Kickstarter012.csv,raw\webrobots\2025_Kickstarter_2025-12-18T03_20_24_296Z_Kickstarter012.csv,19.08,3254,42
WebRobots,2025_Kickstarter_2025-12-18T03_20_24_296Z_Kickstarter013.csv,raw\webrobots\2025_Kickstarter_2025-12-18T03_20_24_296Z_Kickstarter013.csv,19.08,3265,42
WebRobots,2025_Kickstarter_2025-12-18T03_20_24_296Z_Kickstarter014.csv,raw\webrobots\2025_Kickstarter_2025-12-18T03_20_24_296Z_Kickstarter014.csv,19.08,3327,42
WebRobots,2025_Kickstarter_2025-12-18T03_20_24_296Z_Kickstarter015.csv,raw\webrobots\2025_Kickstarter_2025-12-18T03_20_24_296Z_Kickstarter015.csv,19.08,3324,42
WebRobots,2025_Kickstarter_2025-12-18T03_20_24_296Z_Kickstarter016.csv,raw\webrobots\2025_Kickstarter_2025-12-18T03_20_24_296Z_Kickstarter016.csv,19.08,3297,42
WebRobots,2025_Kickstarter_2025-12-18T03_20_24_296Z_Kickstarter017.csv,raw\webrobots\2025_Kickstarter_2025-12-18T03_20_24_296Z_Kickstarter017.csv,19.08,3284,42
WebRobots,2025_Kickstarter_2025-12-18T03_20_24_296Z_Kickstarter018.csv,raw\webrobots\2025_Kickstarter_2025-12-18T03_20_24_296Z_Kickstarter018.csv,19.08,3324,42
WebRobots,2025_Kickstarter_2025-12-18T03_20_24_296Z_Kickstarter019.csv,raw\webrobots\2025_Kickstarter_2025-12-18T03_20_24_296Z_Kickstarter019.csv,19.08,3332,42
WebRobots,2025_Kickstarter_2025-12-18T03_20_24_296Z_Kickstarter020.csv,raw\webrobots\2025_Kickstarter_2025-12-18T03_20_24_296Z_Kickstarter020.csv,19.08,3262,42
WebRobots,2025_Kickstarter_2025-12-18T03_20_24_296Z_Kickstarter021.csv,raw\webrobots\2025_Kickstarter_2025-12-18T03_20_24_296Z_Kickstarter021.csv,19.08,3257,42
WebRobots,2025_Kickstarter_2025-12-18T03_20_24_296Z_Kickstarter022.csv,raw\webrobots\2025_Kickstarter_2025-12-18T03_20_24_296Z_Kickstarter022.csv,19.08,3290,42
WebRobots,2025_Kickstarter_2025-12-18T03_20_24_296Z_Kickstarter023.csv,raw\webrobots\2025_Kickstarter_2025-12-18T03_20_24_296Z_Kickstarter023.csv,19.08,3297,42
WebRobots,2025_Kickstarter_2025-12-18T03_20_24_296Z_Kickstarter024.csv,raw\webrobots\2025_Kickstarter_2025-12-18T03_20_24_296Z_Kickstarter024.csv,19.08,3285,42
WebRobots,2025_Kickstarter_2025-12-18T03_20_24_296Z_Kickstarter025.csv,raw\webrobots\2025_Kickstarter_2025-12-18T03_20_24_296Z_Kickstarter025.csv,19.08,3309,42
WebRobots,2025_Kickstarter_2025-12-18T03_20_24_296Z_Kickstarter026.csv,raw\webrobots\2025_Kickstarter_2025-12-18T03_20_24_296Z_Kickstarter026.csv,19.08,3297,42
WebRobots,2025_Kickstarter_2025-12-18T03_20_24_296Z_Kickstarter027.csv,raw\webrobots\2025_Kickstarter_2025-12-18T03_20_24_296Z_Kickstarter027.csv,19.09,3346,42
WebRobots,2025_Kickstarter_2025-12-18T03_20_24_296Z_Kickstarter028.csv,raw\webrobots\2025_Kickstarter_2025-12-18T03_20_24_296Z_Kickstarter028.csv,19.08,3276,42
WebRobots,2025_Kickstarter_2025-12-18T03_20_24_296Z_Kickstarter029.csv,raw\webrobots\2025_Kickstarter_2025-12-18T03_20_24_296Z_Kickstarter029.csv,19.08,3284,42
WebRobots,2025_Kickstarter_2025-12-18T03_20_24_296Z_Kickstarter030.csv,raw\webrobots\2025_Kickstarter_2025-12-18T03_20_24_296Z_Kickstarter030.csv,19.08,3294,42
WebRobots,2025_Kickstarter_2025-12-18T03_20_24_296Z_Kickstarter031.csv,raw\webrobots\2025_Kickstarter_2025-12-18T03_20_24_296Z_Kickstarter031.csv,19.08,3329,42
WebRobots,2025_Kickstarter_2025-12-18T03_20_24_296Z_Kickstarter032.csv,raw\webrobots\2025_Kickstarter_2025-12-18T03_20_24_296Z_Kickstarter032.csv,19.08,3344,42
WebRobots,2025_Kickstarter_2025-12-18T03_20_24_296Z_Kickstarter033.csv,raw\webrobots\2025_Kickstarter_2025-12-18T03_20_24_296Z_Kickstarter033.csv,19.08,3314,42
WebRobots,2025_Kickstarter_2025-12-18T03_20_24_296Z_Kickstarter034.csv,raw\webrobots\2025_Kickstarter_2025-12-18T03_20_24_296Z_Kickstarter034.csv,19.08,3303,42
WebRobots,2025_Kickstarter_2025-12-18T03_20_24_296Z_Kickstarter035.csv,raw\webrobots\2025_Kickstarter_2025-12-18T03_20_24_296Z_Kickstarter035.csv,19.08,3334,42
WebRobots,2025_Kickstarter_2025-12-18T03_20_24_296Z_Kickstarter036.csv,raw\webrobots\2025_Kickstarter_2025-12-18T03_20_24_296Z_Kickstarter036.csv,19.08,3282,42
WebRobots,2025_Kickstarter_2025-12-18T03_20_24_296Z_Kickstarter037.csv,raw\webrobots\2025_Kickstarter_2025-12-18T03_20_24_296Z_Kickstarter037.csv,19.08,3284,42
WebRobots,2025_Kickstarter_2025-12-18T03_20_24_296Z_Kickstarter038.csv,raw\webrobots\2025_Kickstarter_2025-12-18T03_20_24_296Z_Kickstarter038.csv,19.08,3280,42
WebRobots,2025_Kickstarter_2025-12-18T03_20_24_296Z_Kickstarter039.csv,raw\webrobots\2025_Kickstarter_2025-12-18T03_20_24_296Z_Kickstarter039.csv,19.08,3300,42
WebRobots,2025_Kickstarter_2025-12-18T03_20_24_296Z_Kickstarter040.csv,raw\webrobots\2025_Kickstarter_2025-12-18T03_20_24_296Z_Kickstarter040.csv,19.08,3327,42
WebRobots,2025_Kickstarter_2025-12-18T03_20_24_296Z_Kickstarter041.csv,raw\webrobots\2025_Kickstarter_2025-12-18T03_20_24_296Z_Kickstarter041.csv,19.08,3313,42
WebRobots,2025_Kickstarter_2025-12-18T03_20_24_296Z_Kickstarter042.csv,raw\webrobots\2025_Kickstarter_2025-12-18T03_20_24_296Z_Kickstarter042.csv,19.08,3321,42
WebRobots,2025_Kickstarter_2025-12-18T03_20_24_296Z_Kickstarter043.csv,raw\webrobots\2025_Kickstarter_2025-12-18T03_20_24_296Z_Kickstarter043.csv,19.08,3320,42
WebRobots,2025_Kickstarter_2025-12-18T03_20_24_296Z_Kickstarter044.csv,raw\webrobots\2025_Kickstarter_2025-12-18T03_20_24_296Z_Kickstarter044.csv,19.08,3325,42
WebRobots,2025_Kickstarter_2025-12-18T03_20_24_296Z_Kickstarter045.csv,raw\webrobots\2025_Kickstarter_2025-12-18T03_20_24_296Z_Kickstarter045.csv,19.08,3293,42
WebRobots,2025_Kickstarter_2025-12-18T03_20_24_296Z_Kickstarter046.csv,raw\webrobots\2025_Kickstarter_2025-12-18T03_20_24_296Z_Kickstarter046.csv,19.08,3268,42
WebRobots,2025_Kickstarter_2025-12-18T03_20_24_296Z_Kickstarter047.csv,raw\webrobots\2025_Kickstarter_2025-12-18T03_20_24_296Z_Kickstarter047.csv,19.08,3301,42
WebRobots,2025_Kickstarter_2025-12-18T03_20_24_296Z_Kickstarter048.csv,raw\webrobots\2025_Kickstarter_2025-12-18T03_20_24_296Z_Kickstarter048.csv,19.08,3295,42
WebRobots,2025_Kickstarter_2025-12-18T03_20_24_296Z_Kickstarter049.csv,raw\webrobots\2025_Kickstarter_2025-12-18T03_20_24_296Z_Kickstarter049.csv,19.08,3298,42
WebRobots,2025_Kickstarter_2025-12-18T03_20_24_296Z_Kickstarter050.csv,raw\webrobots\2025_Kickstarter_2025-12-18T03_20_24_296Z_Kickstarter050.csv,19.08,3287,42
WebRobots,2025_Kickstarter_2025-12-18T03_20_24_296Z_Kickstarter051.csv,raw\webrobots\2025_Kickstarter_2025-12-18T03_20_24_296Z_Kickstarter051.csv,19.08,3289,42
WebRobots,2025_Kickstarter_2025-12-18T03_20_24_296Z_Kickstarter052.csv,raw\webrobots\2025_Kickstarter_2025-12-18T03_20_24_296Z_Kickstarter052.csv,19.08,3355,42
WebRobots,2025_Kickstarter_2025-12-18T03_20_24_296Z_Kickstarter053.csv,raw\webrobots\2025_Kickstarter_2025-12-18T03_20_24_296Z_Kickstarter053.csv,19.08,3277,42
WebRobots,2025_Kickstarter_2025-12-18T03_20_24_296Z_Kickstarter054.csv,raw\webrobots\2025_Kickstarter_2025-12-18T03_20_24_296Z_Kickstarter054.csv,19.08,3293,42
WebRobots,2025_Kickstarter_2025-12-18T03_20_24_296Z_Kickstarter055.csv,raw\webrobots\2025_Kickstarter_2025-12-18T03_20_24_296Z_Kickstarter055.csv,19.08,3280,42
WebRobots,2025_Kickstarter_2025-12-18T03_20_24_296Z_Kickstarter056.csv,raw\webrobots\2025_Kickstarter_2025-12-18T03_20_24_296Z_Kickstarter056.csv,19.08,3295,42
WebRobots,2025_Kickstarter_2025-12-18T03_20_24_296Z_Kickstarter057.csv,raw\webrobots\2025_Kickstarter_2025-12-18T03_20_24_296Z_Kickstarter057.csv,19.08,3329,42
WebRobots,2025_Kickstarter_2025-12-18T03_20_24_296Z_Kickstarter058.csv,raw\webrobots\2025_Kickstarter_2025-12-18T03_20_24_296Z_Kickstarter058.csv,19.08,3328,42
WebRobots,2025_Kickstarter_2025-12-18T03_20_24_296Z_Kickstarter059.csv,raw\webrobots\2025_Kickstarter_2025-12-18T03_20_24_296Z_Kickstarter059.csv,19.08,3295,42
WebRobots,2025_Kickstarter_2025-12-18T03_20_24_296Z_Kickstarter060.csv,raw\webrobots\2025_Kickstarter_2025-12-18T03_20_24_296Z_Kickstarter060.csv,19.08,3325,42
WebRobots,2025_Kickstarter_2025-12-18T03_20_24_296Z_Kickstarter061.csv,raw\webrobots\2025_Kickstarter_2025-12-18T03_20_24_296Z_Kickstarter061.csv,19.08,3290,42
WebRobots,2025_Kickstarter_2025-12-18T03_20_24_296Z_Kickstarter062.csv,raw\webrobots\2025_Kickstarter_2025-12-18T03_20_24_296Z_Kickstarter062.csv,19.08,3276,42
WebRobots,2025_Kickstarter_2025-12-18T03_20_24_296Z_Kickstarter063.csv,raw\webrobots\2025_Kickstarter_2025-12-18T03_20_24_296Z_Kickstarter063.csv,19.08,3284,42
WebRobots,2025_Kickstarter_2025-12-18T03_20_24_296Z_Kickstarter064.csv,raw\webrobots\2025_Kickstarter_2025-12-18T03_20_24_296Z_Kickstarter064.csv,19.08,3270,42
WebRobots,2025_Kickstarter_2025-12-18T03_20_24_296Z_Kickstarter065.csv,raw\webrobots\2025_Kickstarter_2025-12-18T03_20_24_296Z_Kickstarter065.csv,19.08,3299,42
WebRobots,2025_Kickstarter_2025-12-18T03_20_24_296Z_Kickstarter066.csv,raw\webrobots\2025_Kickstarter_2025-12-18T03_20_24_296Z_Kickstarter066.csv,19.08,3316,42
WebRobots,2025_Kickstarter_2025-12-18T03_20_24_296Z_Kickstarter067.csv,raw\webrobots\2025_Kickstarter_2025-12-18T03_20_24_296Z_Kickstarter067.csv,19.08,3299,42
WebRobots,2025_Kickstarter_2025-12-18T03_20_24_296Z_Kickstarter068.csv,raw\webrobots\2025_Kickstarter_2025-12-18T03_20_24_296Z_Kickstarter068.csv,19.08,3291,42
WebRobots,2025_Kickstarter_2025-12-18T03_20_24_296Z_Kickstarter069.csv,raw\webrobots\2025_Kickstarter_2025-12-18T03_20_24_296Z_Kickstarter069.csv,19.08,3328,42
WebRobots,2025_Kickstarter_2025-12-18T03_20_24_296Z_Kickstarter070.csv,raw\webrobots\2025_Kickstarter_2025-12-18T03_20_24_296Z_Kickstarter070.csv,19.08,3258,42
WebRobots,2025_Kickstarter_2025-12-18T03_20_24_296Z_Kickstarter071.csv,raw\webrobots\2025_Kickstarter_2025-12-18T03_20_24_296Z_Kickstarter071.csv,19.08,3276,42
WebRobots,2025_Kickstarter_2025-12-18T03_20_24_296Z_Kickstarter072.csv,raw\webrobots\2025_Kickstarter_2025-12-18T03_20_24_296Z_Kickstarter072.csv,19.08,3306,42
WebRobots,2025_Kickstarter_2025-12-18T03_20_24_296Z_Kickstarter073.csv,raw\webrobots\2025_Kickstarter_2025-12-18T03_20_24_296Z_Kickstarter073.csv,19.08,3293,42
WebRobots,2025_Kickstarter_2025-12-18T03_20_24_296Z_Kickstarter074.csv,raw\webrobots\2025_Kickstarter_2025-12-18T03_20_24_296Z_Kickstarter074.csv,19.08,3300,42
WebRobots,2025_Kickstarter_2025-12-18T03_20_24_296Z_Kickstarter075.csv,raw\webrobots\2025_Kickstarter_2025-12-18T03_20_24_296Z_Kickstarter075.csv,19.08,3328,42
WebRobots,2025_Kickstarter_2025-12-18T03_20_24_296Z_Kickstarter076.csv,raw\webrobots\2025_Kickstarter_2025-12-18T03_20_24_296Z_Kickstarter076.csv,19.08,3311,42
WebRobots,2025_Kickstarter_2025-12-18T03_20_24_296Z_Kickstarter077.csv,raw\webrobots\2025_Kickstarter_2025-12-18T03_20_24_296Z_Kickstarter077.csv,19.08,3311,42
WebRobots,2025_Kickstarter_2025-12-18T03_20_24_296Z_Kickstarter078.csv,raw\webrobots\2025_Kickstarter_2025-12-18T03_20_24_296Z_Kickstarter078.csv,19.08,3300,42
WebRobots,2025_Kickstarter_2025-12-18T03_20_24_296Z_Kickstarter079.csv,raw\webrobots\2025_Kickstarter_2025-12-18T03_20_24_296Z_Kickstarter079.csv,19.08,3278,42
WebRobots,2025_Kickstarter_2025-12-18T03_20_24_296Z_Kickstarter080.csv,raw\webrobots\2025_Kickstarter_2025-12-18T03_20_24_296Z_Kickstarter080.csv,19.08,3271,42
WebRobots,2025_Kickstarter_2025-12-18T03_20_24_296Z_Kickstarter081.csv,raw\webrobots\2025_Kickstarter_2025-12-18T03_20_24_296Z_Kickstarter081.csv,19.08,3300,42
WebRobots,2025_Kickstarter_2025-12-18T03_20_24_296Z_Kickstarter082.csv,raw\webrobots\2025_Kickstarter_2025-12-18T03_20_24_296Z_Kickstarter082.csv,19.08,3304,42
WebRobots,2025_Kickstarter_2025-12-18T03_20_24_296Z_Kickstarter083.csv,raw\webrobots\2025_Kickstarter_2025-12-18T03_20_24_296Z_Kickstarter083.csv,7.79,1340,42
WebRobots,2026_Kickstarter_2026-09-10T03_20_48_478Z_Kickstarter.csv,raw\webrobots\2026_Kickstarter_2026-09-10T03_20_48_478Z_Kickstarter.csv,19.08,3187,42
WebRobots,2026_Kickstarter_2026-09-10T03_20_48_478Z_Kickstarter001.csv,raw\webrobots\2026_Kickstarter_2026-09-10T03_20_48_478Z_Kickstarter001.csv,19.08,3205,42
WebRobots,2026_Kickstarter_2026-09-10T03_20_48_478Z_Kickstarter002.csv,raw\webrobots\2026_Kickstarter_2026-09-10T03_20_48_478Z_Kickstarter002.csv,19.08,3193,42
WebRobots,2026_Kickstarter_2026-09-10T03_20_48_478Z_Kickstarter003.csv,raw\webrobots\2026_Kickstarter_2026-09-10T03_20_48_478Z_Kickstarter003.csv,19.08,3224,42
WebRobots,2026_Kickstarter_2026-09-10T03_20_48_478Z_Kickstarter004.csv,raw\webrobots\2026_Kickstarter_2026-09-10T03_20_48_478Z_Kickstarter004.csv,19.08,3208,42
WebRobots,2026_Kickstarter_2026-09-10T03_20_48_478Z_Kickstarter005.csv,raw\webrobots\2026_Kickstarter_2026-09-10T03_20_48_478Z_Kickstarter005.csv,19.08,3180,42
WebRobots,2026_Kickstarter_2026-09-10T03_20_48_478Z_Kickstarter006.csv,raw\webrobots\2026_Kickstarter_2026-09-10T03_20_48_478Z_Kickstarter006.csv,19.08,3196,42
WebRobots,2026_Kickstarter_2026-09-10T03_20_48_478Z_Kickstarter007.csv,raw\webrobots\2026_Kickstarter_2026-09-10T03_20_48_478Z_Kickstarter007.csv,19.08,3203,42
WebRobots,2026_Kickstarter_2026-09-10T03_20_48_478Z_Kickstarter008.csv,raw\webrobots\2026_Kickstarter_2026-09-10T03_20_48_478Z_Kickstarter008.csv,19.08,3234,42
WebRobots,2026_Kickstarter_2026-09-10T03_20_48_478Z_Kickstarter009.csv,raw\webrobots\2026_Kickstarter_2026-09-10T03_20_48_478Z_Kickstarter009.csv,19.08,3236,42
WebRobots,2026_Kickstarter_2026-09-10T03_20_48_478Z_Kickstarter010.csv,raw\webrobots\2026_Kickstarter_2026-09-10T03_20_48_478Z_Kickstarter010.csv,19.08,3236,42
WebRobots,2026_Kickstarter_2026-09-10T03_20_48_478Z_Kickstarter011.csv,raw\webrobots\2026_Kickstarter_2026-09-10T03_20_48_478Z_Kickstarter011.csv,19.08,3202,42
WebRobots,2026_Kickstarter_2026-09-10T03_20_48_478Z_Kickstarter012.csv,raw\webrobots\2026_Kickstarter_2026-09-10T03_20_48_478Z_Kickstarter012.csv,19.08,3176,42
WebRobots,2026_Kickstarter_2026-09-10T03_20_48_478Z_Kickstarter013.csv,raw\webrobots\2026_Kickstarter_2026-09-10T03_20_48_478Z_Kickstarter013.csv,19.08,3194,42
WebRobots,2026_Kickstarter_2026-09-10T03_20_48_478Z_Kickstarter014.csv,raw\webrobots\2026_Kickstarter_2026-09-10T03_20_48_478Z_Kickstarter014.csv,19.08,3210,42
WebRobots,2026_Kickstarter_2026-09-10T03_20_48_478Z_Kickstarter015.csv,raw\webrobots\2026_Kickstarter_2026-09-10T03_20_48_478Z_Kickstarter015.csv,19.08,3205,42
WebRobots,2026_Kickstarter_2026-09-10T03_20_48_478Z_Kickstarter016.csv,raw\webrobots\2026_Kickstarter_2026-09-10T03_20_48_478Z_Kickstarter016.csv,19.08,3234,42
WebRobots,2026_Kickstarter_2026-09-10T03_20_48_478Z_Kickstarter017.csv,raw\webrobots\2026_Kickstarter_2026-09-10T03_20_48_478Z_Kickstarter017.csv,19.08,3218,42
WebRobots,2026_Kickstarter_2026-09-10T03_20_48_478Z_Kickstarter018.csv,raw\webrobots\2026_Kickstarter_2026-09-10T03_20_48_478Z_Kickstarter018.csv,19.08,3169,42
WebRobots,2026_Kickstarter_2026-09-10T03_20_48_478Z_Kickstarter019.csv,raw\webrobots\2026_Kickstarter_2026-09-10T03_20_48_478Z_Kickstarter019.csv,19.08,3186,42
WebRobots,2026_Kickstarter_2026-09-10T03_20_48_478Z_Kickstarter020.csv,raw\webrobots\2026_Kickstarter_2026-09-10T03_20_48_478Z_Kickstarter020.csv,19.08,3211,42
WebRobots,2026_Kickstarter_2026-09-10T03_20_48_478Z_Kickstarter021.csv,raw\webrobots\2026_Kickstarter_2026-09-10T03_20_48_478Z_Kickstarter021.csv,19.08,3186,42
WebRobots,2026_Kickstarter_2026-09-10T03_20_48_478Z_Kickstarter022.csv,raw\webrobots\2026_Kickstarter_2026-09-10T03_20_48_478Z_Kickstarter022.csv,19.08,3250,42
WebRobots,2026_Kickstarter_2026-09-10T03_20_48_478Z_Kickstarter023.csv,raw\webrobots\2026_Kickstarter_2026-09-10T03_20_48_478Z_Kickstarter023.csv,19.08,3227,42
WebRobots,2026_Kickstarter_2026-09-10T03_20_48_478Z_Kickstarter024.csv,raw\webrobots\2026_Kickstarter_2026-09-10T03_20_48_478Z_Kickstarter024.csv,19.08,3165,42
WebRobots,2026_Kickstarter_2026-09-10T03_20_48_478Z_Kickstarter025.csv,raw\webrobots\2026_Kickstarter_2026-09-10T03_20_48_478Z_Kickstarter025.csv,19.08,3210,42
WebRobots,2026_Kickstarter_2026-09-10T03_20_48_478Z_Kickstarter026.csv,raw\webrobots\2026_Kickstarter_2026-09-10T03_20_48_478Z_Kickstarter026.csv,19.08,3208,42
WebRobots,2026_Kickstarter_2026-09-10T03_20_48_478Z_Kickstarter027.csv,raw\webrobots\2026_Kickstarter_2026-09-10T03_20_48_478Z_Kickstarter027.csv,19.08,3189,42
WebRobots,2026_Kickstarter_2026-09-10T03_20_48_478Z_Kickstarter028.csv,raw\webrobots\2026_Kickstarter_2026-09-10T03_20_48_478Z_Kickstarter028.csv,19.08,3257,42
WebRobots,2026_Kickstarter_2026-09-10T03_20_48_478Z_Kickstarter029.csv,raw\webrobots\2026_Kickstarter_2026-09-10T03_20_48_478Z_Kickstarter029.csv,19.08,3205,42
WebRobots,2026_Kickstarter_2026-09-10T03_20_48_478Z_Kickstarter030.csv,raw\webrobots\2026_Kickstarter_2026-09-10T03_20_48_478Z_Kickstarter030.csv,19.08,3155,42
WebRobots,2026_Kickstarter_2026-09-10T03_20_48_478Z_Kickstarter031.csv,raw\webrobots\2026_Kickstarter_2026-09-10T03_20_48_478Z_Kickstarter031.csv,19.08,3193,42
WebRobots,2026_Kickstarter_2026-09-10T03_20_48_478Z_Kickstarter032.csv,raw\webrobots\2026_Kickstarter_2026-09-10T03_20_48_478Z_Kickstarter032.csv,19.08,3181,42
WebRobots,2026_Kickstarter_2026-09-10T03_20_48_478Z_Kickstarter033.csv,raw\webrobots\2026_Kickstarter_2026-09-10T03_20_48_478Z_Kickstarter033.csv,19.08,3204,42
WebRobots,2026_Kickstarter_2026-09-10T03_20_48_478Z_Kickstarter034.csv,raw\webrobots\2026_Kickstarter_2026-09-10T03_20_48_478Z_Kickstarter034.csv,19.08,3222,42
WebRobots,2026_Kickstarter_2026-09-10T03_20_48_478Z_Kickstarter035.csv,raw\webrobots\2026_Kickstarter_2026-09-10T03_20_48_478Z_Kickstarter035.csv,19.08,3223,42
WebRobots,2026_Kickstarter_2026-09-10T03_20_48_478Z_Kickstarter036.csv,raw\webrobots\2026_Kickstarter_2026-09-10T03_20_48_478Z_Kickstarter036.csv,19.08,3189,42
WebRobots,2026_Kickstarter_2026-09-10T03_20_48_478Z_Kickstarter037.csv,raw\webrobots\2026_Kickstarter_2026-09-10T03_20_48_478Z_Kickstarter037.csv,19.08,3184,42
WebRobots,2026_Kickstarter_2026-09-10T03_20_48_478Z_Kickstarter038.csv,raw\webrobots\2026_Kickstarter_2026-09-10T03_20_48_478Z_Kickstarter038.csv,19.08,3207,42
WebRobots,2026_Kickstarter_2026-09-10T03_20_48_478Z_Kickstarter039.csv,raw\webrobots\2026_Kickstarter_2026-09-10T03_20_48_478Z_Kickstarter039.csv,19.08,3223,42
WebRobots,2026_Kickstarter_2026-09-10T03_20_48_478Z_Kickstarter040.csv,raw\webrobots\2026_Kickstarter_2026-09-10T03_20_48_478Z_Kickstarter040.csv,19.08,3228,42
WebRobots,2026_Kickstarter_2026-09-10T03_20_48_478Z_Kickstarter041.csv,raw\webrobots\2026_Kickstarter_2026-09-10T03_20_48_478Z_Kickstarter041.csv,19.08,3217,42
WebRobots,2026_Kickstarter_2026-09-10T03_20_48_478Z_Kickstarter042.csv,raw\webrobots\2026_Kickstarter_2026-09-10T03_20_48_478Z_Kickstarter042.csv,19.08,3190,42
WebRobots,2026_Kickstarter_2026-09-10T03_20_48_478Z_Kickstarter043.csv,raw\webrobots\2026_Kickstarter_2026-09-10T03_20_48_478Z_Kickstarter043.csv,19.08,3175,42
WebRobots,2026_Kickstarter_2026-09-10T03_20_48_478Z_Kickstarter044.csv,raw\webrobots\2026_Kickstarter_2026-09-10T03_20_48_478Z_Kickstarter044.csv,19.08,3176,42
WebRobots,2026_Kickstarter_2026-09-10T03_20_48_478Z_Kickstarter045.csv,raw\webrobots\2026_Kickstarter_2026-09-10T03_20_48_478Z_Kickstarter045.csv,19.08,3251,42
WebRobots,2026_Kickstarter_2026-09-10T03_20_48_478Z_Kickstarter046.csv,raw\webrobots\2026_Kickstarter_2026-09-10T03_20_48_478Z_Kickstarter046.csv,19.08,3196,42
WebRobots,2026_Kickstarter_2026-09-10T03_20_48_478Z_Kickstarter047.csv,raw\webrobots\2026_Kickstarter_2026-09-10T03_20_48_478Z_Kickstarter047.csv,19.08,3220,42
WebRobots,2026_Kickstarter_2026-09-10T03_20_48_478Z_Kickstarter048.csv,raw\webrobots\2026_Kickstarter_2026-09-10T03_20_48_478Z_Kickstarter048.csv,19.08,3203,42
WebRobots,2026_Kickstarter_2026-09-10T03_20_48_478Z_Kickstarter049.csv,raw\webrobots\2026_Kickstarter_2026-09-10T03_20_48_478Z_Kickstarter049.csv,19.08,3157,42
WebRobots,2026_Kickstarter_2026-09-10T03_20_48_478Z_Kickstarter050.csv,raw\webrobots\2026_Kickstarter_2026-09-10T03_20_48_478Z_Kickstarter050.csv,19.08,3219,42
WebRobots,2026_Kickstarter_2026-09-10T03_20_48_478Z_Kickstarter051.csv,raw\webrobots\2026_Kickstarter_2026-09-10T03_20_48_478Z_Kickstarter051.csv,19.08,3213,42
WebRobots,2026_Kickstarter_2026-09-10T03_20_48_478Z_Kickstarter052.csv,raw\webrobots\2026_Kickstarter_2026-09-10T03_20_48_478Z_Kickstarter052.csv,19.08,3212,42
WebRobots,2026_Kickstarter_2026-09-10T03_20_48_478Z_Kickstarter053.csv,raw\webrobots\2026_Kickstarter_2026-09-10T03_20_48_478Z_Kickstarter053.csv,19.08,3239,42
WebRobots,2026_Kickstarter_2026-09-10T03_20_48_478Z_Kickstarter054.csv,raw\webrobots\2026_Kickstarter_2026-09-10T03_20_48_478Z_Kickstarter054.csv,19.08,3234,42
WebRobots,2026_Kickstarter_2026-09-10T03_20_48_478Z_Kickstarter055.csv,raw\webrobots\2026_Kickstarter_2026-09-10T03_20_48_478Z_Kickstarter055.csv,19.08,3175,42
WebRobots,2026_Kickstarter_2026-09-10T03_20_48_478Z_Kickstarter056.csv,raw\webrobots\2026_Kickstarter_2026-09-10T03_20_48_478Z_Kickstarter056.csv,19.08,3199,42
WebRobots,2026_Kickstarter_2026-09-10T03_20_48_478Z_Kickstarter057.csv,raw\webrobots\2026_Kickstarter_2026-09-10T03_20_48_478Z_Kickstarter057.csv,19.08,3228,42
WebRobots,2026_Kickstarter_2026-09-10T03_20_48_478Z_Kickstarter058.csv,raw\webrobots\2026_Kickstarter_2026-09-10T03_20_48_478Z_Kickstarter058.csv,19.08,3205,42
WebRobots,2026_Kickstarter_2026-09-10T03_20_48_478Z_Kickstarter059.csv,raw\webrobots\2026_Kickstarter_2026-09-10T03_20_48_478Z_Kickstarter059.csv,19.08,3221,42
WebRobots,2026_Kickstarter_2026-09-10T03_20_48_478Z_Kickstarter060.csv,raw\webrobots\2026_Kickstarter_2026-09-10T03_20_48_478Z_Kickstarter060.csv,19.08,3207,42
WebRobots,2026_Kickstarter_2026-09-10T03_20_48_478Z_Kickstarter061.csv,raw\webrobots\2026_Kickstarter_2026-09-10T03_20_48_478Z_Kickstarter061.csv,19.08,3177,42
WebRobots,2026_Kickstarter_2026-09-10T03_20_48_478Z_Kickstarter062.csv,raw\webrobots\2026_Kickstarter_2026-09-10T03_20_48_478Z_Kickstarter062.csv,6.08,1010,42
