status,format,year,scrape_id,filename,size_bytes,url,error
downloaded,CSV,2022,2022-12-15T03_20_04_521Z,Kickstarter_2022-12-15T03_20_04_521Z.zip,8160415,https://s3.amazonaws.com/weruns/forfun/Kickstarter/Kickstarter_2022-12-15T03_20_04_521Z.zip,
downloaded,CSV,2021,2021-12-09T03_20_13_242Z,Kickstarter_2021-12-09T03_20_13_242Z.zip,27862454,https://s3.amazonaws.com/weruns/forfun/Kickstarter/Kickstarter_2021-12-09T03_20_13_242Z.zip,
downloaded,JSON,2016,2016-12-15T22_20_52_411Z,Kickstarter_2016-12-15T22_20_52_411Z.json.gz,134821692,https://s3.amazonaws.com/weruns/forfun/Kickstarter/Kickstarter_2016-12-15T22_20_52_411Z.json.gz,
downloaded,JSON,2017,2017-12-15T10_20_51_610Z,Kickstarter_2017-12-15T10_20_51_610Z.json.gz,150830527,https://s3.amazonaws.com/weruns/forfun/Kickstarter/Kickstarter_2017-12-15T10_20_51_610Z.json.gz,
downloaded,CSV,2014,2014-12-02.json,Kickstarter_2014-12-02.json.zip,86126418,https://s3.amazonaws.com/weruns/forfun/Kickstarter/Kickstarter_2014-12-02.json.zip,
downloaded,CSV,2023,2023-12-14T03_20_06_766Z,Kickstarter_2023-12-14T03_20_06_766Z.zip,27782122,https://s3.amazonaws.com/weruns/forfun/Kickstarter/Kickstarter_2023-12-14T03_20_06_766Z.zip,
downloaded,CSV,2020,2020-12-17T03_20_12_051Z,Kickstarter_2020-12-17T03_20_12_051Z.zip,229410707,https://s3.amazonaws.com/weruns/forfun/Kickstarter/Kickstarter_2020-12-17T03_20_12_051Z.zip,
downloaded,JSON,2015,2015-12-17T12_09_06_107Z,Kickstarter_2015-12-17T12_09_06_107Z.json.gz,104776302,https://s3.amazonaws.com/weruns/forfun/Kickstarter/Kickstarter_2015-12-17T12_09_06_107Z.json.gz,
downloaded,JSON,2018,2018-12-13T03_20_05_701Z,Kickstarter_2018-12-13T03_20_05_701Z.json.gz,171699520,https://s3.amazonaws.com/weruns/forfun/Kickstarter/Kickstarter_2018-12-13T03_20_05_701Z.json.gz,
downloaded,CSV,2019,2019-12-12T03_20_05_306Z,Kickstarter_2019-12-12T03_20_05_306Z.zip,218808493,https://s3.amazonaws.com/weruns/forfun/Kickstarter/Kickstarter_2019-12-12T03_20_05_306Z.zip,
downloaded,CSV,2025,2025-12-18T03_20_24_296Z,Kickstarter_2025-12-18T03_20_24_296Z.zip,364734683,https://s3.amazonaws.com/weruns/forfun/Kickstarter/Kickstarter_2025-12-18T03_20_24_296Z.zip,
downloaded,CSV,2024,2024-12-12T03_20_04_455Z,Kickstarter_2024-12-12T03_20_04_455Z.zip,315130763,https://s3.amazonaws.com/weruns/forfun/Kickstarter/Kickstarter_2024-12-12T03_20_04_455Z.zip,
downloaded,CSV,2026,2026-09-10T03_20_48_478Z,Kickstarter_2026-09-10T03_20_48_478Z.zip,268088678,https://s3.amazonaws.com/weruns/forfun/Kickstarter/Kickstarter_2026-09-10T03_20_48_478Z.zip,
